id,label
0,4
1,2
2,2
3,
4,3
5,2
6,2
7,4
8,4
9,1
10,
11,2
12,2
13,4
14,
15,4
16,2
17,2
18,
19,
20,2
21,
22,
23,2
24,
25,4
26,2
27,2
28,
29,2
30,4
31,
32,1
33,
34,2
35,
36,2
37,2
38,
39,2
40,2
41,
42,1
43,
44,1
45,2
46,1
47,2
48,1
49,
50,4
51,4
52,2
53,2
54,
55,2
56,2
57,2
58,
59,
60,4
61,
62,2
63,
64,1
65,2
66,1
67,2
68,2
69,1
70,2
71,2
72,2
73,2
74,2
75,
76,
77,2
78,2
79,
80,
81,
82,2
83,4
84,1
85,
86,2
87,
88,
89,2
90,2
91,2
92,2
93,2
94,2
95,4
96,3
97,4
98,2
99,
100,1
101,3
102,2
103,
104,3
105,3
106,2
107,2
108,1
109,4
110,
111,2
112,
113,
114,2
115,2
116,2
117,2
118,
119,4
120,
121,2
122,
123,1
124,1
125,2
126,1
127,2
128,4
129,2
130,2
131,5
132,2
133,2
134,
135,
136,2
137,
138,2
139,4
140,2
141,
142,4
143,
144,2
145,
146,
147,3
148,2
149,
150,2
151,4
152,1
153,4
154,
155,2
156,2
157,
158,
159,2
160,2
161,2
162,2
163,1
164,2
165,2
166,
167,2
168,2
169,
170,1
171,
172,
173,2
174,4
175,
176,
177,1
178,1
179,2
180,
181,1
182,2
183,2
184,2
185,2
186,2
187,1
188,
189,
190,2
191,1
192,4
193,1
194,3
195,2
196,
197,
198,4
199,5
200,
201,4
202,4
203,2
204,
205,
206,2
207,4
208,
209,2
210,2
211,
212,2
213,
214,2
215,2
216,
217,2
218,
219,1
220,2
221,1
222,2
223,2
224,1
225,
226,
227,1
228,
229,1
230,2
231,2
232,2
233,4
234,4
235,1
236,4
237,
238,4
239,2
240,2
241,
242,4
243,4
244,2
245,2
246,1
247,1
248,2
249,2
250,2
251,2
252,4
253,2
254,2
255,2
256,
257,1
258,2
259,2
260,2
261,4
262,1
263,
264,2
265,
266,2
267,
268,2
269,1
270,2
271,2
272,2
273,2
274,2
275,
276,2
277,2
278,4
279,1
280,1
281,2
282,4
283,2
284,2
285,4
286,2
287,1
288,1
289,4
290,
291,
292,1
293,2
294,
295,2
296,
297,2
298,
299,2
300,2
301,2
302,5
303,
304,3
305,2
306,1
307,2
308,2
309,
310,
311,4
312,1
313,2
314,2
315,
316,4
317,
318,2
319,1
320,1
321,2
322,2
323,2
324,2
325,2
326,2
327,4
328,2
329,2
330,2
331,1
332,2
333,2
334,1
335,2
336,3
337,2
338,4
339,2
340,
341,2
342,5
343,2
344,2
345,
346,2
347,1
348,1
349,
350,
351,
352,2
353,2
354,2
355,2
356,2
357,
358,
359,3
360,
361,
362,2
363,2
364,2
365,
366,2
367,1
368,2
369,
370,
371,1
372,2
373,
374,2
375,2
376,2
377,2
378,2
379,
380,2
381,2
382,2
383,1
384,
385,2
386,2
387,2
388,2
389,
390,2
391,2
392,2
393,2
394,2
395,3
396,4
397,1
398,2
399,
400,1
401,1
402,
403,2
404,4
405,1
406,1
407,2
408,2
409,
410,
411,
412,
413,
414,2
415,1
416,2
417,1
418,5
419,
420,2
421,
422,1
423,1
424,2
425,2
426,
427,
428,4
429,
430,1
431,4
432,1
433,4
434,2
435,2
436,2
437,
438,
439,
440,
441,2
442,2
443,4
444,2
445,2
446,2
447,2
448,2
449,2
450,1
451,2
452,2
453,
454,
455,2
456,2
457,4
458,2
459,1
460,2
461,1
462,2
463,2
464,2
465,1
466,
467,
468,2
469,1
470,
471,2
472,2
473,2
474,1
475,2
476,4
477,
478,
479,4
480,
481,4
482,2
483,
484,1
485,1
486,4
487,
488,
489,2
490,2
491,2
492,2
493,2
494,2
495,
496,
497,4
498,
499,4
500,
501,2
502,2
503,2
504,4
505,1
506,4
507,
508,
509,1
510,
511,2
512,4
513,2
514,
515,4
516,2
517,2
518,
519,4
520,1
521,2
522,
523,4
524,
525,
526,
527,4
528,5
529,4
530,
531,2
532,3
533,2
534,2
535,4
536,2
537,2
538,1
539,2
540,
541,2
542,
543,
544,
545,1
546,2
547,5
548,3
549,2
550,1
551,1
552,2
553,
554,
555,4
556,2
557,
558,
559,2
560,2
561,2
562,
563,2
564,3
565,2
566,2
567,2
568,1
569,4
570,4
571,2
572,
573,1
574,2
575,4
576,
577,1
578,4
579,3
580,2
581,
582,2
583,4
584,
585,
586,
587,
588,
589,
590,5
591,2
592,
593,
594,
595,4
596,
597,
598,
599,
600,
601,
602,
603,1
604,2
605,4
606,2
607,
608,4
609,2
610,2
611,
612,
613,
614,2
615,2
616,4
617,4
618,
619,
620,
621,
622,4
623,
624,2
625,4
626,2
627,1
628,1
629,
630,
631,
632,
633,2
634,4
635,4
636,1
637,5
638,1
639,5
640,
641,1
642,4
643,
644,2
645,
646,
647,
648,1
649,
650,
651,
652,2
653,
654,2
655,4
656,
657,
658,2
659,1
660,
661,
662,
663,
664,2
665,4
666,3
667,1
668,1
669,2
670,2
671,
672,2
673,2
674,1
675,2
676,1
677,2
678,2
679,
680,2
681,1
682,1
683,2
684,2
685,2
686,
687,
688,2
689,
690,
691,2
692,5
693,4
694,4
695,
696,
697,1
698,2
699,
700,4
701,2
702,1
703,
704,4
705,1
706,
707,
708,
709,1
710,2
711,2
712,
713,2
714,2
715,1
716,2
717,2
718,4
719,4
720,4
721,2
722,2
723,
724,
725,
726,2
727,2
728,4
729,2
730,3
731,1
732,4
733,2
734,1
735,2
736,2
737,2
738,2
739,
740,1
741,1
742,
743,1
744,2
745,2
746,1
747,2
748,2
749,
750,2
751,2
752,2
753,4
754,2
755,1
756,4
757,2
758,
759,2
760,2
761,
762,
763,2
764,
765,1
766,
767,2
768,2
769,2
770,2
771,1
772,2
773,2
774,
775,
776,2
777,4
778,5
779,2
780,4
781,1
782,1
783,2
784,1
785,
786,1
787,2
788,2
789,2
790,3
791,2
792,1
793,2
794,2
795,1
796,2
797,1
798,
799,1
800,
801,4
802,2
803,1
804,
805,
806,2
807,3
808,2
809,4
810,2
811,2
812,1
813,2
814,2
815,2
816,2
817,1
818,1
819,1
820,
821,2
822,1
823,
824,2
825,2
826,
827,
828,2
829,2
830,2
831,2
832,2
833,4
834,2
835,2
836,4
837,
838,2
839,4
840,
841,2
842,2
843,4
844,4
845,1
846,4
847,2
848,5
849,1
850,2
851,1
852,1
853,4
854,1
855,2
856,2
857,
858,2
859,
860,
861,4
862,5
863,
864,2
865,2
866,
867,1
868,2
869,2
870,2
871,1
872,2
873,2
874,1
875,
876,2
877,2
878,4
879,
880,4
881,4
882,2
883,2
884,4
885,2
886,1
887,4
888,
889,
890,2
891,5
892,5
893,4
894,4
895,4
896,3
897,2
898,2
899,2
900,
901,
902,
903,2
904,
905,2
906,
907,2
908,4
909,2
910,
911,4
912,4
913,2
914,1
915,3
916,
917,1
918,5
919,4
920,
921,2
922,2
923,2
924,4
925,3
926,2
927,3
928,3
929,2
930,2
931,
932,
933,2
934,
935,4
936,1
937,
938,5
939,
940,2
941,5
942,2
943,4
944,1
945,
946,
947,2
948,2
949,2
950,4
951,3
952,2
953,2
954,
955,
956,2
957,4
958,4
959,
960,4
961,1
962,
963,2
964,2
965,1
966,
967,4
968,4
969,2
970,2
971,2
972,
973,
974,
975,2
976,
977,2
978,2
979,4
980,2
981,
982,2
983,2
984,2
985,2
986,1
987,
988,2
989,
990,
991,
992,2
993,2
994,2
995,2
996,4
997,
998,2
999,4
1000,
1001,
1002,2
1003,4
1004,2
1005,3
1006,4
1007,2
1008,5
1009,
1010,
1011,4
1012,3
1013,
1014,2
1015,1
1016,
1017,2
1018,1
1019,2
1020,
1021,
1022,2
1023,3
1024,1
1025,2
1026,4
1027,
1028,
1029,
1030,1
1031,
1032,
1033,2
1034,1
1035,
1036,
1037,2
1038,4
1039,1
1040,
1041,
1042,4
1043,4
1044,2
1045,4
1046,
1047,
1048,2
1049,2
1050,2
1051,2
1052,
1053,4
1054,5
1055,2
1056,2
1057,
1058,1
1059,2
1060,4
1061,
1062,
1063,2
1064,1
1065,2
1066,2
1067,2
1068,4
1069,
1070,
1071,1
1072,2
1073,2
1074,2
1075,
1076,
1077,2
1078,5
1079,
1080,1
1081,2
1082,1
1083,1
1084,2
1085,1
1086,2
1087,2
1088,2
1089,2
1090,1
1091,1
1092,2
1093,4
1094,2
1095,1
1096,1
1097,2
1098,2
1099,1
1100,2
1101,1
1102,1
1103,2
1104,2
1105,2
1106,2
1107,3
1108,2
1109,4
1110,
1111,
1112,
1113,4
1114,2
1115,2
1116,2
1117,3
1118,1
1119,1
1120,2
1121,2
1122,1
1123,2
1124,2
1125,
1126,2
1127,2
1128,1
1129,
1130,
1131,
1132,2
1133,
1134,1
1135,2
1136,
1137,2
1138,
1139,2
1140,2
1141,2
1142,
1143,1
1144,1
1145,
1146,1
1147,2
1148,5
1149,
1150,4
1151,3
1152,1
1153,
1154,2
1155,4
1156,4
1157,4
1158,2
1159,2
1160,
1161,4
1162,
1163,2
1164,
1165,
1166,2
1167,
1168,2
1169,2
1170,4
1171,
1172,1
1173,3
1174,
1175,1
1176,
1177,2
1178,
1179,2
1180,2
1181,1
1182,
1183,
1184,1
1185,
1186,
1187,5
1188,
1189,2
1190,2
1191,4
1192,2
1193,2
1194,
1195,4
1196,1
1197,2
1198,2
1199,
1200,2
1201,2
1202,2
1203,
1204,2
1205,2
1206,3
1207,4
1208,2
1209,
1210,
1211,2
1212,4
1213,
1214,2
1215,5
1216,4
1217,4
1218,5
1219,4
1220,4
1221,2
1222,1
1223,2
1224,
1225,
1226,1
1227,2
1228,
1229,2
1230,2
1231,
1232,4
1233,2
1234,
1235,1
1236,
1237,2
1238,
1239,2
1240,2
1241,
1242,2
1243,
1244,2
1245,3
1246,4
1247,2
1248,5
1249,
1250,4
1251,
1252,2
1253,2
1254,
1255,2
1256,2
1257,2
1258,2
1259,4
1260,
1261,2
1262,
1263,
1264,5
1265,
1266,
1267,
1268,2
1269,4
1270,
1271,2
1272,
1273,
1274,2
1275,
1276,2
1277,1
1278,
1279,4
1280,
1281,1
1282,
1283,2
1284,1
1285,4
1286,2
1287,4
1288,4
1289,
1290,3
1291,
1292,
1293,2
1294,2
1295,3
1296,4
1297,2
1298,2
1299,4
1300,
1301,4
1302,2
1303,
1304,2
1305,
1306,1
1307,4
1308,3
1309,2
1310,2
1311,4
1312,2
1313,1
1314,4
1315,2
1316,
1317,2
1318,2
1319,5
1320,2
1321,
1322,1
1323,2
1324,
1325,
1326,2
1327,
1328,2
1329,2
1330,1
1331,2
1332,2
1333,2
1334,2
1335,
1336,2
1337,2
1338,1
1339,2
1340,4
1341,4
1342,
1343,
1344,2
1345,2
1346,1
1347,5
1348,3
1349,
1350,4
1351,1
1352,2
1353,2
1354,3
1355,2
1356,
1357,4
1358,1
1359,
1360,
1361,2
1362,
1363,
1364,
1365,1
1366,1
1367,
1368,
1369,2
1370,2
1371,2
1372,4
1373,2
1374,2
1375,1
1376,2
1377,2
1378,
1379,
1380,4
1381,
1382,
1383,
1384,
1385,2
1386,
1387,
1388,2
1389,2
1390,4
1391,
1392,1
1393,5
1394,2
1395,
1396,4
1397,
1398,3
1399,3
1400,
1401,2
1402,2
1403,4
1404,1
1405,5
1406,3
1407,2
1408,
1409,
1410,2
1411,
1412,
1413,
1414,1
1415,
1416,2
1417,2
1418,
1419,2
1420,2
1421,
1422,2
1423,1
1424,1
1425,1
1426,
1427,2
1428,1
1429,2
1430,2
1431,2
1432,1
1433,
1434,2
1435,1
1436,2
1437,
1438,2
1439,4
1440,
1441,4
1442,2
1443,2
1444,2
1445,2
1446,2
1447,2
1448,2
1449,
1450,
1451,2
1452,
1453,2
1454,5
1455,
1456,1
1457,4
1458,2
1459,
1460,2
1461,2
1462,
1463,3
1464,2
1465,
1466,
1467,4
1468,
1469,
1470,
1471,2
1472,
1473,2
1474,4
1475,4
1476,2
1477,2
1478,1
1479,2
1480,
1481,4
1482,
1483,4
1484,2
1485,2
1486,
1487,1
1488,
1489,2
1490,
1491,
1492,1
1493,
1494,
1495,2
1496,2
1497,
1498,2
1499,2
1500,2
1501,4
1502,1
1503,4
1504,1
1505,3
1506,4
1507,2
1508,
1509,
1510,4
1511,
1512,2
1513,2
1514,1
1515,2
1516,4
1517,4
1518,
1519,2
1520,2
1521,2
1522,
1523,5
1524,4
1525,2
1526,2
1527,1
1528,
1529,1
1530,
1531,
1532,4
1533,
1534,2
1535,2
1536,
1537,4
1538,2
1539,3
1540,2
1541,4
1542,2
1543,2
1544,2
1545,3
1546,2
1547,2
1548,2
1549,3
1550,2
1551,4
1552,4
1553,2
1554,1
1555,2
1556,
1557,2
1558,1
1559,2
1560,1
1561,4
1562,
1563,2
1564,2
1565,4
1566,4
1567,1
1568,4
1569,
1570,2
1571,2
1572,2
1573,1
1574,1
1575,2
1576,
1577,
1578,2
1579,
1580,
1581,
1582,
1583,
1584,2
1585,
1586,
1587,
1588,
1589,2
1590,1
1591,2
1592,2
1593,
1594,
1595,3
1596,4
1597,4
1598,2
1599,4
1600,2
1601,2
1602,2
1603,4
1604,4
1605,1
1606,4
1607,
1608,2
1609,1
1610,2
1611,
1612,2
1613,
1614,2
1615,2
1616,2
1617,4
1618,1
1619,2
1620,
1621,
1622,
1623,2
1624,2
1625,
1626,2
1627,2
1628,2
1629,4
1630,2
1631,2
1632,
1633,4
1634,2
1635,2
1636,4
1637,2
1638,
1639,4
1640,
1641,5
1642,2
1643,4
1644,1
1645,2
1646,
1647,2
1648,
1649,
1650,
1651,4
1652,2
1653,
1654,1
1655,2
1656,4
1657,5
1658,
1659,
1660,
1661,2
1662,
1663,2
1664,1
1665,2
1666,4
1667,4
1668,5
1669,
1670,
1671,
1672,2
1673,
1674,4
1675,
1676,2
1677,4
1678,4
1679,2
1680,
1681,
1682,2
1683,
1684,1
1685,
1686,1
1687,2
1688,2
1689,
1690,2
1691,2
1692,1
1693,2
1694,2
1695,3
1696,5
1697,
1698,
1699,2
1700,1
1701,2
1702,
1703,2
1704,
1705,2
1706,2
1707,1
1708,2
1709,4
1710,2
1711,
1712,
1713,2
1714,2
1715,2
1716,2
1717,
1718,2
1719,
1720,
1721,
1722,2
1723,
1724,
1725,2
1726,
1727,2
1728,
1729,4
1730,2
1731,
1732,2
1733,2
1734,2
1735,2
1736,
1737,
1738,2
1739,2
1740,2
1741,
1742,
1743,5
1744,2
1745,2
1746,4
1747,2
1748,
1749,2
1750,2
1751,3
1752,3
1753,1
1754,2
1755,4
1756,2
1757,
1758,5
1759,
1760,2
1761,1
1762,4
1763,1
1764,3
1765,3
1766,
1767,1
1768,2
1769,2
1770,4
1771,
1772,2
1773,1
1774,1
1775,
1776,2
1777,4
1778,2
1779,2
1780,
1781,2
1782,2
1783,2
1784,
1785,2
1786,2
1787,4
1788,2
1789,
1790,2
1791,1
1792,
1793,2
1794,2
1795,4
1796,
1797,2
1798,
1799,2
1800,5
1801,2
1802,4
1803,4
1804,2
1805,2
1806,
1807,1
1808,2
1809,
1810,2
1811,2
1812,1
1813,
1814,4
1815,2
1816,2
1817,
1818,
1819,2
1820,
1821,
1822,2
1823,1
1824,
1825,3
1826,
1827,2
1828,4
1829,
1830,
1831,5
1832,5
1833,1
1834,
1835,
1836,4
1837,
1838,
1839,2
1840,2
1841,
1842,2
1843,2
1844,3
1845,
1846,4
1847,4
1848,
1849,2
1850,1
1851,
1852,
1853,4
1854,2
1855,
1856,4
1857,4
1858,2
1859,
1860,2
1861,
1862,4
1863,
1864,
1865,5
1866,4
1867,2
1868,1
1869,2
1870,2
1871,4
1872,2
1873,2
1874,
1875,
1876,1
1877,2
1878,1
1879,
1880,2
1881,
1882,4
1883,2
1884,
1885,
1886,1
1887,
1888,2
1889,2
1890,
1891,2
1892,1
1893,4
1894,3
1895,2
1896,2
1897,2
1898,
1899,
1900,
1901,1
1902,
1903,1
1904,2
1905,
1906,
1907,2
1908,1
1909,1
1910,1
1911,
1912,4
1913,2
1914,2
1915,2
1916,2
1917,2
1918,
1919,1
1920,5
1921,4
1922,4
1923,
1924,
1925,2
1926,2
1927,2
1928,5
1929,
1930,2
1931,4
1932,5
1933,2
1934,
1935,2
1936,4
1937,4
1938,
1939,
1940,2
1941,1
1942,2
1943,1
1944,
1945,4
1946,
1947,2
1948,2
1949,4
1950,
1951,2
1952,2
1953,1
1954,4
1955,2
1956,2
1957,2
1958,
1959,2
1960,2
1961,4
1962,
1963,2
1964,
1965,2
1966,
1967,2
1968,2
1969,1
1970,
1971,1
1972,4
1973,2
1974,
1975,
1976,
1977,
1978,2
1979,2
1980,
1981,
1982,4
1983,
1984,1
1985,2
1986,1
1987,2
1988,4
1989,2
1990,
1991,4
1992,2
1993,
1994,2
1995,1
1996,2
1997,2
1998,3
1999,2
2000,2
2001,2
2002,4
2003,1
2004,2
2005,1
2006,1
2007,4
2008,2
2009,2
2010,
2011,
2012,2
2013,
2014,1
2015,
2016,2
2017,
2018,
2019,2
2020,
2021,
2022,2
2023,5
2024,
2025,2
2026,2
2027,
2028,2
2029,1
2030,2
2031,
2032,
2033,
2034,2
2035,
2036,
2037,2
2038,2
2039,2
2040,
2041,
2042,4
2043,2
2044,
2045,
2046,
2047,4
2048,4
2049,2
2050,2
2051,2
2052,2
2053,
2054,5
2055,2
2056,2
2057,2
2058,2
2059,4
2060,2
2061,4
2062,2
2063,2
2064,2
2065,1
2066,1
2067,2
2068,
2069,
2070,2
2071,2
2072,4
2073,1
2074,
2075,
2076,
2077,2
2078,2
2079,2
2080,2
2081,4
2082,
2083,1
2084,4
2085,
2086,2
2087,5
2088,4
2089,
2090,1
2091,2
2092,2
2093,4
2094,5
2095,3
2096,3
2097,2
2098,4
2099,
2100,
2101,2
2102,2
2103,
2104,
2105,2
2106,2
2107,4
2108,2
2109,2
2110,
2111,2
2112,4
2113,4
2114,2
2115,2
2116,
2117,
2118,1
2119,
2120,
2121,2
2122,2
2123,2
2124,2
2125,1
2126,2
2127,
2128,
2129,
2130,4
2131,2
2132,
2133,4
2134,5
2135,2
2136,1
2137,2
2138,3
2139,4
2140,2
2141,1
2142,
2143,2
2144,2
2145,
2146,2
2147,4
2148,2
2149,
2150,1
2151,
2152,4
2153,
2154,2
2155,
2156,4
2157,2
2158,
2159,2
2160,
2161,1
2162,2
2163,2
2164,
2165,2
2166,4
2167,
2168,
2169,
2170,2
2171,2
2172,2
2173,4
2174,2
2175,
2176,
2177,4
2178,
2179,2
2180,2
2181,
2182,2
2183,
2184,
2185,5
2186,2
2187,
2188,2
2189,2
2190,3
2191,
2192,
2193,2
2194,
2195,1
2196,2
2197,
2198,2
2199,2
2200,2
2201,2
2202,4
2203,
2204,
2205,4
2206,
2207,4
2208,1
2209,2
2210,3
2211,
2212,
2213,
2214,4
2215,
2216,
2217,2
2218,5
2219,2
2220,
2221,2
2222,
2223,
2224,
2225,2
2226,
2227,4
2228,1
2229,
2230,
2231,
2232,
2233,
2234,
2235,2
2236,
2237,
2238,2
2239,2
2240,2
2241,4
2242,5
2243,1
2244,
2245,
2246,1
2247,
2248,3
2249,
2250,
2251,2
2252,
2253,1
2254,2
2255,4
2256,4
2257,
2258,
2259,1
2260,
2261,2
2262,2
2263,4
2264,4
2265,
2266,
2267,
2268,3
2269,
2270,1
2271,2
2272,1
2273,
2274,
2275,2
2276,2
2277,2
2278,4
2279,5
2280,2
2281,2
2282,2
2283,2
2284,1
2285,
2286,2
2287,
2288,4
2289,
2290,4
2291,
2292,
2293,
2294,1
2295,2
2296,2
2297,4
2298,4
2299,
2300,4
2301,1
2302,4
2303,4
2304,
2305,4
2306,
2307,2
2308,
2309,4
2310,2
2311,2
2312,1
2313,2
2314,4
2315,
2316,2
2317,3
2318,2
2319,
2320,2
2321,4
2322,5
2323,2
2324,1
2325,2
2326,2
2327,
2328,
2329,2
2330,2
2331,2
2332,4
2333,2
2334,1
2335,2
2336,
2337,2
2338,
2339,2
2340,4
2341,2
2342,2
2343,1
2344,2
2345,2
2346,2
2347,
2348,
2349,
2350,2
2351,2
2352,2
2353,1
2354,
2355,1
2356,2
2357,4
2358,4
2359,
2360,
2361,
2362,2
2363,
2364,3
2365,2
2366,5
2367,4
2368,
2369,2
2370,2
2371,4
2372,1
2373,2
2374,
2375,2
2376,4
2377,4
2378,1
2379,2
2380,
2381,
2382,2
2383,2
2384,
2385,2
2386,2
2387,
2388,2
2389,4
2390,2
2391,3
2392,
2393,
2394,2
2395,2
2396,
2397,
2398,4
2399,2
2400,
2401,4
2402,
2403,
2404,
2405,2
2406,2
2407,
2408,2
2409,
2410,4
2411,2
2412,3
2413,2
2414,
2415,2
2416,2
2417,
2418,5
2419,5
2420,2
2421,
2422,2
2423,1
2424,
2425,
2426,2
2427,4
2428,1
2429,2
2430,2
2431,4
2432,2
2433,4
2434,2
2435,4
2436,
2437,
2438,4
2439,2
2440,1
2441,
2442,
2443,3
2444,
2445,
2446,4
2447,2
2448,2
2449,2
2450,
2451,
2452,1
2453,2
2454,
2455,4
2456,
2457,
2458,
2459,1
2460,
2461,2
2462,2
2463,2
2464,2
2465,5
2466,
2467,1
2468,
2469,3
2470,
2471,2
2472,
2473,4
2474,2
2475,1
2476,4
2477,
2478,
2479,2
2480,2
2481,2
2482,1
2483,2
2484,2
2485,2
2486,
2487,
2488,
2489,
2490,2
2491,
2492,
2493,2
2494,4
2495,4
2496,
2497,1
2498,2
2499,
2500,
2501,
2502,1
2503,5
2504,
2505,2
2506,5
2507,1
2508,4
2509,1
2510,2
2511,2
2512,2
2513,
2514,
2515,
2516,4
2517,
2518,2
2519,2
2520,2
2521,
2522,
2523,4
2524,2
2525,
2526,1
2527,5
2528,
2529,2
2530,
2531,1
2532,2
2533,2
2534,
2535,2
2536,4
2537,2
2538,2
2539,2
2540,
2541,2
2542,
2543,2
2544,1
2545,
2546,2
2547,2
2548,1
2549,1
2550,4
2551,2
2552,4
2553,
2554,4
2555,
2556,
2557,
2558,
2559,2
2560,
2561,1
2562,4
2563,1
2564,1
2565,2
2566,
2567,2
2568,2
2569,
2570,4
2571,
2572,
2573,
2574,2
2575,
2576,2
2577,4
2578,4
2579,
2580,
2581,2
2582,2
2583,
2584,
2585,1
2586,
2587,
2588,2
2589,
2590,4
2591,5
2592,1
2593,2
2594,2
2595,1
2596,
2597,
2598,
2599,2
2600,2
2601,
2602,
2603,2
2604,4
2605,4
2606,4
2607,2
2608,2
2609,
2610,
2611,2
2612,
2613,1
2614,2
2615,2
2616,
2617,2
2618,2
2619,2
2620,2
2621,4
2622,4
2623,2
2624,1
2625,
2626,
2627,2
2628,
2629,3
2630,
2631,1
2632,
2633,
2634,1
2635,4
2636,2
2637,2
2638,
2639,4
2640,4
2641,
2642,1
2643,2
2644,
2645,
2646,
2647,2
2648,
2649,
2650,2
2651,
2652,1
2653,2
2654,3
2655,
2656,
2657,1
2658,2
2659,
2660,3
2661,
2662,2
2663,
2664,4
2665,2
2666,2
2667,
2668,2
2669,4
2670,2
2671,
2672,4
2673,2
2674,1
2675,
2676,2
2677,5
2678,4
2679,4
2680,2
2681,1
2682,
2683,5
2684,
2685,2
2686,3
2687,2
2688,
2689,1
2690,
2691,1
2692,2
2693,2
2694,
2695,
2696,2
2697,1
2698,2
2699,2
2700,2
2701,
2702,4
2703,2
2704,
2705,
2706,
2707,2
2708,2
2709,1
2710,1
2711,4
2712,2
2713,
2714,
2715,1
2716,2
2717,
2718,4
2719,
2720,1
2721,
2722,5
2723,
2724,4
2725,
2726,1
2727,2
2728,2
2729,
2730,
2731,1
2732,
2733,4
2734,2
2735,3
2736,
2737,1
2738,1
2739,4
2740,2
2741,
2742,1
2743,
2744,2
2745,1
2746,4
2747,2
2748,
2749,5
2750,5
2751,2
2752,
2753,2
2754,
2755,1
2756,2
2757,1
2758,1
2759,1
2760,1
2761,2
2762,4
2763,
2764,
2765,
2766,2
2767,2
2768,
2769,
2770,1
2771,2
2772,2
2773,1
2774,3
2775,4
2776,2
2777,1
2778,1
2779,1
2780,2
2781,
2782,2
2783,2
2784,2
2785,1
2786,
2787,1
2788,
2789,2
2790,2
2791,2
2792,1
2793,2
2794,1
2795,
2796,
2797,
2798,2
2799,
2800,
2801,1
2802,1
2803,
2804,1
2805,
2806,1
2807,2
2808,5
2809,2
2810,2
2811,
2812,2
2813,
2814,2
2815,2
2816,2
2817,2
2818,4
2819,2
2820,1
2821,2
2822,
2823,2
2824,2
2825,
2826,3
2827,2
2828,1
2829,
2830,
2831,
2832,2
2833,4
2834,3
2835,2
2836,5
2837,2
2838,
2839,2
2840,
2841,4
2842,2
2843,1
2844,
2845,
2846,
2847,2
2848,2
2849,4
2850,4
2851,4
2852,2
2853,4
2854,2
2855,
2856,1
2857,2
2858,
2859,
2860,
2861,1
2862,1
2863,2
2864,2
2865,
2866,
2867,2
2868,
2869,2
2870,
2871,1
2872,
2873,
2874,1
2875,
2876,5
2877,2
2878,3
2879,
2880,2
2881,2
2882,
2883,1
2884,2
2885,2
2886,4
2887,2
2888,4
2889,1
2890,
2891,
2892,1
2893,4
2894,
2895,4
2896,2
2897,
2898,
2899,4
2900,5
2901,
2902,
2903,4
2904,2
2905,3
2906,1
2907,3
2908,1
2909,2
2910,
2911,2
2912,4
2913,
2914,4
2915,
2916,2
2917,4
2918,2
2919,2
2920,
2921,
2922,
2923,
2924,2
2925,2
2926,
2927,2
2928,4
2929,2
2930,4
2931,4
2932,5
2933,1
2934,
2935,2
2936,4
2937,
2938,1
2939,
2940,2
2941,4
2942,
2943,
2944,3
2945,2
2946,
2947,3
2948,
2949,
2950,5
2951,
2952,
2953,2
2954,
2955,1
2956,1
2957,2
2958,3
2959,
2960,2
2961,
2962,2
2963,
2964,2
2965,
2966,
2967,
2968,1
2969,2
2970,4
2971,2
2972,2
2973,2
2974,2
2975,2
2976,1
2977,4
2978,4
2979,2
2980,2
2981,1
2982,2
2983,
2984,2
2985,
2986,1
2987,
2988,
2989,
2990,
2991,
2992,
2993,
2994,1
2995,
2996,4
2997,2
2998,2
2999,2
3000,4
3001,2
3002,
3003,4
3004,4
3005,1
3006,4
3007,2
3008,2
3009,2
3010,2
3011,
3012,2
3013,
3014,1
3015,
3016,4
3017,1
3018,
3019,
3020,
3021,
3022,1
3023,
3024,2
3025,4
3026,2
3027,2
3028,5
3029,1
3030,
3031,1
3032,2
3033,
3034,4
3035,2
3036,1
3037,2
3038,
3039,2
3040,4
3041,
3042,3
3043,1
3044,
3045,4
3046,4
3047,5
3048,2
3049,
3050,
3051,
3052,
3053,1
3054,
3055,2
3056,
3057,1
3058,
3059,2
3060,
3061,
3062,4
3063,2
3064,2
3065,
3066,2
3067,
3068,2
3069,
3070,
3071,4
3072,
3073,
3074,2
3075,5
3076,2
3077,2
3078,4
3079,4
3080,
3081,1
3082,1
3083,4
3084,1
3085,4
3086,1
3087,
3088,2
3089,2
3090,4
3091,4
3092,1
3093,2
3094,4
3095,2
3096,2
3097,
3098,2
3099,2
3100,2
3101,
3102,1
3103,4
3104,
3105,
3106,4
3107,4
3108,1
3109,1
3110,2
3111,2
3112,
3113,
3114,1
3115,
3116,
3117,
3118,
3119,
3120,1
3121,2
3122,
3123,2
3124,
3125,2
3126,1
3127,2
3128,2
3129,2
3130,2
3131,2
3132,4
3133,1
3134,
3135,
3136,
3137,1
3138,5
3139,4
3140,4
3141,2
3142,
3143,
3144,2
3145,2
3146,
3147,2
3148,1
3149,
3150,
3151,
3152,2
3153,4
3154,1
3155,4
3156,4
3157,4
3158,1
3159,
3160,4
3161,2
3162,2
3163,1
3164,2
3165,
3166,2
3167,
3168,1
3169,2
3170,2
3171,
3172,4
3173,2
3174,2
3175,
3176,2
3177,1
3178,1
3179,
3180,2
3181,2
3182,
3183,
3184,2
3185,4
3186,2
3187,1
3188,
3189,2
3190,5
3191,2
3192,3
3193,
3194,2
3195,2
3196,2
3197,2
3198,2
3199,3
3200,1
3201,2
3202,2
3203,
3204,
3205,1
3206,2
3207,
3208,4
3209,4
3210,2
3211,2
3212,1
3213,1
3214,1
3215,
3216,1
3217,2
3218,1
3219,2
3220,
3221,2
3222,
3223,
3224,4
3225,2
3226,4
3227,4
3228,2
3229,
3230,
3231,5
3232,2
3233,2
3234,2
3235,1
3236,2
3237,
3238,5
3239,2
3240,1
3241,1
3242,4
3243,2
3244,
3245,
3246,2
3247,4
3248,
3249,2
3250,2
3251,2
3252,
3253,2
3254,
3255,4
3256,1
3257,
3258,4
3259,4
3260,2
3261,2
3262,2
3263,1
3264,
3265,
3266,2
3267,4
3268,2
3269,4
3270,2
3271,1
3272,
3273,1
3274,
3275,
3276,2
3277,
3278,1
3279,
3280,
3281,
3282,
3283,
3284,
3285,
3286,
3287,1
3288,
3289,4
3290,
3291,
3292,4
3293,3
3294,4
3295,2
3296,1
3297,1
3298,
3299,2
3300,2
3301,2
3302,4
3303,3
3304,2
3305,
3306,
3307,
3308,2
3309,3
3310,4
3311,2
3312,5
3313,
3314,1
3315,2
3316,2
3317,
3318,2
3319,
3320,1
3321,4
3322,
3323,1
3324,2
3325,4
3326,2
3327,4
3328,2
3329,4
3330,1
3331,2
3332,2
3333,4
3334,2
3335,
3336,2
3337,1
3338,3
3339,
3340,3
3341,4
3342,
3343,2
3344,1
3345,5
3346,
3347,4
3348,2
3349,2
3350,
3351,4
3352,
3353,
3354,
3355,2
3356,4
3357,2
3358,2
3359,1
3360,2
3361,4
3362,4
3363,2
3364,1
3365,3
3366,2
3367,2
3368,4
3369,4
3370,4
3371,4
3372,1
3373,
3374,
3375,4
3376,4
3377,1
3378,
3379,
3380,4
3381,1
3382,2
3383,2
3384,2
3385,
3386,
3387,4
3388,1
3389,5
3390,
3391,1
3392,
3393,
3394,4
3395,2
3396,1
3397,4
3398,
3399,1
3400,1
3401,2
3402,2
3403,2
3404,2
3405,5
3406,1
3407,
3408,2
3409,
3410,1
3411,
3412,2
3413,
3414,4
3415,1
3416,
3417,1
3418,
3419,2
3420,4
3421,2
3422,
3423,4
3424,
3425,1
3426,2
3427,2
3428,4
3429,2
3430,2
3431,1
3432,1
3433,2
3434,2
3435,2
3436,1
3437,3
3438,2
3439,2
3440,2
3441,
3442,4
3443,1
3444,2
3445,2
3446,2
3447,4
3448,
3449,4
3450,2
3451,
3452,2
3453,
3454,
3455,2
3456,2
3457,1
3458,1
3459,2
3460,2
3461,
3462,1
3463,1
3464,1
3465,
3466,1
3467,2
3468,
3469,2
3470,2
3471,2
3472,
3473,2
3474,2
3475,
3476,
3477,1
3478,1
3479,1
3480,5
3481,2
3482,1
3483,
3484,
3485,2
3486,
3487,1
3488,2
3489,
3490,2
3491,1
3492,1
3493,1
3494,
3495,4
3496,1
3497,4
3498,
3499,2
3500,
3501,
3502,1
3503,
3504,2
3505,2
3506,
3507,4
3508,4
3509,2
3510,4
3511,2
3512,1
3513,
3514,
3515,
3516,2
3517,1
3518,4
3519,2
3520,4
3521,2
3522,2
3523,
3524,2
3525,1
3526,2
3527,2
3528,
3529,2
3530,
3531,
3532,2
3533,4
3534,2
3535,1
3536,4
3537,
3538,3
3539,
3540,
3541,1
3542,4
3543,
3544,3
3545,4
3546,
3547,2
3548,4
3549,2
3550,
3551,
3552,2
3553,2
3554,4
3555,
3556,4
3557,2
3558,1
3559,2
3560,2
3561,2
3562,1
3563,4
3564,2
3565,
3566,2
3567,
3568,4
3569,
3570,3
3571,1
3572,
3573,3
3574,2
3575,4
3576,4
3577,
3578,4
3579,
3580,
3581,2
3582,
3583,3
3584,
3585,2
3586,
3587,2
3588,4
3589,1
3590,5
3591,
3592,2
3593,4
3594,2
3595,1
3596,4
3597,
3598,1
3599,2
3600,2
3601,4
3602,1
3603,2
3604,5
3605,2
3606,2
3607,2
3608,4
3609,1
3610,2
3611,
3612,2
3613,1
3614,2
3615,1
3616,
3617,4
3618,2
3619,
3620,4
3621,
3622,4
3623,2
3624,
3625,1
3626,2
3627,
3628,1
3629,1
3630,2
3631,4
3632,
3633,4
3634,1
3635,2
3636,
3637,
3638,1
3639,1
3640,
3641,1
3642,4
3643,
3644,2
3645,4
3646,4
3647,
3648,1
3649,2
3650,3
3651,2
3652,2
3653,2
3654,
3655,3
3656,1
3657,2
3658,2
3659,1
3660,4
3661,2
3662,
3663,4
3664,2
3665,
3666,4
3667,4
3668,5
3669,4
3670,4
3671,4
3672,2
3673,4
3674,2
3675,2
3676,2
3677,
3678,
3679,2
3680,2
3681,2
3682,2
3683,3
3684,2
3685,2
3686,
3687,4
3688,4
3689,2
3690,2
3691,
3692,2
3693,4
3694,
3695,
3696,5
3697,2
3698,2
3699,
3700,2
3701,2
3702,2
3703,
3704,2
3705,4
3706,1
3707,1
3708,4
3709,2
3710,5
3711,
3712,2
3713,2
3714,1
3715,1
3716,
3717,2
3718,
3719,
3720,2
3721,2
3722,
3723,1
3724,4
3725,
3726,4
3727,5
3728,1
3729,2
3730,2
3731,2
3732,
3733,2
3734,
3735,
3736,1
3737,2
3738,2
3739,
3740,
3741,5
3742,2
3743,3
3744,
3745,
3746,
3747,4
3748,
3749,1
3750,2
3751,1
3752,4
3753,
3754,3
3755,1
3756,4
3757,2
3758,
3759,2
3760,5
3761,2
3762,2
3763,4
3764,
3765,2
3766,4
3767,3
3768,1
3769,
3770,1
3771,2
3772,1
3773,1
3774,2
3775,2
3776,
3777,2
3778,1
3779,2
3780,2
3781,
3782,2
3783,
3784,1
3785,
3786,5
3787,1
3788,1
3789,2
3790,
3791,
3792,2
3793,
3794,
3795,4
3796,2
3797,4
3798,
3799,
3800,5
3801,
3802,
3803,
3804,1
3805,2
3806,2
3807,2
3808,2
3809,2
3810,2
3811,4
3812,1
3813,2
3814,2
3815,3
3816,2
3817,
3818,5
3819,
3820,2
3821,2
3822,
3823,2
3824,
3825,
3826,5
3827,
3828,
3829,
3830,
3831,2
3832,1
3833,4
3834,2
3835,4
3836,1
3837,4
3838,
3839,2
3840,
3841,4
3842,4
3843,
3844,2
3845,
3846,
3847,
3848,5
3849,5
3850,4
3851,2
3852,2
3853,
3854,4
3855,
3856,1
3857,2
3858,2
3859,4
3860,2
3861,
3862,2
3863,2
3864,2
3865,
3866,2
3867,2
3868,4
3869,
3870,5
3871,
3872,2
3873,
3874,2
3875,2
3876,2
3877,2
3878,2
3879,2
3880,1
3881,
3882,1
3883,2
3884,1
3885,4
3886,
3887,2
3888,2
3889,2
3890,2
3891,
3892,1
3893,2
3894,2
3895,2
3896,4
3897,1
3898,2
3899,2
3900,2
3901,5
3902,2
3903,
3904,1
3905,4
3906,2
3907,
3908,1
3909,
3910,2
3911,1
3912,2
3913,3
3914,2
3915,
3916,4
3917,2
3918,
3919,4
3920,2
3921,
3922,2
3923,2
3924,
3925,2
3926,1
3927,4
3928,4
3929,1
3930,2
3931,5
3932,3
3933,4
3934,2
3935,2
3936,
3937,
3938,
3939,2
3940,2
3941,4
3942,4
3943,4
3944,2
3945,2
3946,2
3947,2
3948,
3949,1
3950,2
3951,
3952,
3953,1
3954,3
3955,2
3956,2
3957,
3958,2
3959,5
3960,1
3961,1
3962,4
3963,4
3964,4
3965,2
3966,
3967,
3968,1
3969,
3970,
3971,1
3972,1
3973,2
3974,2
3975,
3976,3
3977,
3978,
3979,
3980,4
3981,2
3982,3
3983,1
3984,
3985,2
3986,4
3987,2
3988,4
3989,2
3990,2
3991,5
3992,2
3993,2
3994,
3995,
3996,2
3997,2
3998,2
3999,4
4000,2
4001,4
4002,2
4003,1
4004,2
4005,4
4006,2
4007,4
4008,2
4009,2
4010,2
4011,2
4012,3
4013,2
4014,
4015,4
4016,
4017,4
4018,2
4019,
4020,4
4021,2
4022,5
4023,
4024,2
4025,
4026,2
4027,
4028,
4029,2
4030,1
4031,
4032,
4033,1
4034,4
4035,4
4036,
4037,2
4038,
4039,
4040,
4041,2
4042,1
4043,1
4044,
4045,1
4046,2
4047,2
4048,1
4049,2
4050,4
4051,
4052,4
4053,
4054,4
4055,4
4056,
4057,3
4058,4
4059,4
4060,1
4061,2
4062,4
4063,1
4064,1
4065,
4066,
4067,1
4068,
4069,
4070,4
4071,4
4072,2
4073,1
4074,1
4075,1
4076,4
4077,2
4078,2
4079,1
4080,3
4081,4
4082,2
4083,1
4084,2
4085,2
4086,1
4087,
4088,2
4089,4
4090,1
4091,
4092,1
4093,4
4094,
4095,
4096,2
4097,
4098,
4099,
4100,2
4101,2
4102,1
4103,1
4104,4
4105,5
4106,2
4107,2
4108,1
4109,4
4110,1
4111,2
4112,1
4113,1
4114,2
4115,2
4116,4
4117,1
4118,
4119,2
4120,2
4121,2
4122,2
4123,
4124,
4125,2
4126,2
4127,4
4128,
4129,
4130,
4131,2
4132,2
4133,
4134,
4135,2
4136,1
4137,1
4138,2
4139,4
4140,2
4141,2
4142,2
4143,2
4144,2
4145,2
4146,3
4147,1
4148,2
4149,4
4150,
4151,2
4152,5
4153,5
4154,2
4155,4
4156,4
4157,2
4158,
4159,
4160,2
4161,2
4162,2
4163,2
4164,2
4165,
4166,2
4167,1
4168,4
4169,2
4170,2
4171,2
4172,
4173,
4174,
4175,1
4176,2
4177,2
4178,
4179,2
4180,2
4181,
4182,1
4183,1
4184,
4185,
4186,2
4187,
4188,1
4189,2
4190,2
4191,1
4192,2
4193,
4194,
4195,5
4196,
4197,3
4198,
4199,4
4200,1
4201,4
4202,2
4203,5
4204,1
4205,2
4206,4
4207,
4208,2
4209,4
4210,2
4211,
4212,1
4213,
4214,2
4215,2
4216,2
4217,5
4218,
4219,4
4220,
4221,1
4222,2
4223,1
4224,2
4225,
4226,4
4227,2
4228,4
4229,
4230,
4231,
4232,4
4233,2
4234,4
4235,2
4236,1
4237,1
4238,2
4239,
4240,2
4241,4
4242,2
4243,2
4244,2
4245,
4246,1
4247,
4248,4
4249,1
4250,2
4251,2
4252,2
4253,4
4254,2
4255,1
4256,
4257,4
4258,2
4259,
4260,
4261,4
4262,2
4263,2
4264,2
4265,
4266,
4267,1
4268,
4269,
4270,2
4271,2
4272,1
4273,2
4274,4
4275,2
4276,1
4277,1
4278,2
4279,1
4280,
4281,
4282,
4283,
4284,2
4285,
4286,
4287,1
4288,2
4289,
4290,2
4291,
4292,
4293,
4294,1
4295,2
4296,2
4297,1
4298,2
4299,5
4300,2
4301,5
4302,
4303,2
4304,
4305,4
4306,2
4307,2
4308,
4309,2
4310,2
4311,2
4312,4
4313,4
4314,2
4315,2
4316,1
4317,
4318,
4319,2
4320,2
4321,4
4322,5
4323,
4324,3
4325,2
4326,
4327,2
4328,2
4329,2
4330,
4331,2
4332,3
4333,4
4334,
4335,4
4336,4
4337,
4338,2
4339,2
4340,2
4341,3
4342,
4343,3
4344,2
4345,
4346,2
4347,1
4348,5
4349,1
4350,2
4351,
4352,2
4353,
4354,2
4355,
4356,2
4357,1
4358,4
4359,
4360,2
4361,2
4362,3
4363,2
4364,4
4365,3
4366,
4367,2
4368,2
4369,
4370,2
4371,
4372,2
4373,1
4374,
4375,4
4376,2
4377,1
4378,
4379,4
4380,4
4381,1
4382,4
4383,4
4384,
4385,1
4386,1
4387,
4388,1
4389,4
4390,
4391,3
4392,2
4393,2
4394,2
4395,2
4396,2
4397,1
4398,4
4399,
4400,2
4401,
4402,
4403,
4404,
4405,4
4406,4
4407,2
4408,
4409,2
4410,
4411,1
4412,4
4413,3
4414,2
4415,4
4416,1
4417,1
4418,
4419,2
4420,2
4421,
4422,2
4423,2
4424,4
4425,1
4426,4
4427,3
4428,4
4429,
4430,2
4431,1
4432,4
4433,2
4434,2
4435,2
4436,2
4437,2
4438,1
4439,
4440,
4441,4
4442,4
4443,1
4444,
4445,
4446,1
4447,5
4448,
4449,
4450,4
4451,
4452,2
4453,
4454,2
4455,2
4456,2
4457,3
4458,
4459,2
4460,4
4461,1
4462,3
4463,2
4464,4
4465,2
4466,1
4467,
4468,2
4469,2
4470,4
4471,2
4472,4
4473,2
4474,4
4475,2
4476,5
4477,
4478,
4479,2
4480,
4481,2
4482,1
4483,
4484,
4485,
4486,1
4487,
4488,2
4489,2
4490,
4491,2
4492,
4493,5
4494,1
4495,
4496,2
4497,2
4498,1
4499,2
4500,4
4501,3
4502,
4503,
4504,1
4505,2
4506,2
4507,1
4508,2
4509,2
4510,2
4511,2
4512,4
4513,2
4514,2
4515,2
4516,1
4517,2
4518,2
4519,1
4520,2
4521,2
4522,
4523,1
4524,2
4525,1
4526,
4527,4
4528,2
4529,2
4530,2
4531,3
4532,2
4533,
4534,
4535,2
4536,2
4537,
4538,
4539,
4540,2
4541,
4542,4
4543,2
4544,
4545,2
4546,2
4547,
4548,2
4549,2
4550,2
4551,
4552,1
4553,2
4554,2
4555,1
4556,1
4557,2
4558,
4559,2
4560,1
4561,
4562,3
4563,2
4564,2
4565,
4566,3
4567,1
4568,2
4569,4
4570,1
4571,4
4572,
4573,1
4574,2
4575,2
4576,4
4577,
4578,4
4579,
4580,1
4581,
4582,
4583,2
4584,2
4585,
4586,2
4587,2
4588,2
4589,4
4590,1
4591,2
4592,2
4593,
4594,
4595,2
4596,5
4597,1
4598,2
4599,
4600,2
4601,
4602,4
4603,2
4604,2
4605,1
4606,
4607,2
4608,1
4609,2
4610,2
4611,
4612,2
4613,2
4614,2
4615,
4616,
4617,5
4618,
4619,
4620,
4621,
4622,
4623,4
4624,4
4625,1
4626,2
4627,2
4628,2
4629,
4630,
4631,
4632,3
4633,4
4634,2
4635,
4636,5
4637,
4638,5
4639,
4640,2
4641,2
4642,2
4643,2
4644,4
4645,2
4646,
4647,2
4648,
4649,1
4650,
4651,5
4652,2
4653,4
4654,5
4655,1
4656,1
4657,
4658,4
4659,2
4660,
4661,2
4662,2
4663,2
4664,2
4665,
4666,
4667,5
4668,2
4669,2
4670,1
4671,
4672,
4673,4
4674,2
4675,2
4676,2
4677,4
4678,
4679,4
4680,1
4681,2
4682,
4683,2
4684,4
4685,2
4686,2
4687,2
4688,
4689,3
4690,
4691,
4692,1
4693,2
4694,1
4695,2
4696,4
4697,4
4698,2
4699,2
4700,1
4701,2
4702,
4703,4
4704,2
4705,2
4706,
4707,2
4708,4
4709,
4710,2
4711,4
4712,3
4713,
4714,2
4715,4
4716,
4717,4
4718,
4719,3
4720,
4721,1
4722,
4723,
4724,
4725,4
4726,
4727,
4728,
4729,
4730,
4731,
4732,2
4733,2
4734,3
4735,
4736,2
4737,2
4738,1
4739,
4740,2
4741,
4742,
4743,2
4744,
4745,1
4746,2
4747,2
4748,2
4749,1
4750,1
4751,
4752,
4753,1
4754,2
4755,2
4756,4
4757,4
4758,1
4759,
4760,2
4761,4
4762,
4763,
4764,
4765,1
4766,4
4767,1
4768,1
4769,
4770,
4771,2
4772,4
4773,4
4774,2
4775,
4776,2
4777,4
4778,4
4779,2
4780,2
4781,2
4782,2
4783,1
4784,2
4785,3
4786,1
4787,1
4788,4
4789,1
4790,
4791,2
4792,
4793,2
4794,
4795,4
4796,4
4797,
4798,4
4799,3
4800,4
4801,4
4802,1
4803,2
4804,2
4805,
4806,
4807,
4808,2
4809,
4810,
4811,2
4812,5
4813,2
4814,
4815,
4816,2
4817,
4818,2
4819,4
4820,2
4821,3
4822,2
4823,1
4824,2
4825,1
4826,
4827,2
4828,1
4829,2
4830,
4831,4
4832,4
4833,3
4834,2
4835,2
4836,2
4837,4
4838,4
4839,1
4840,
4841,
4842,2
4843,1
4844,4
4845,2
4846,
4847,
4848,2
4849,
4850,1
4851,4
4852,4
4853,2
4854,
4855,
4856,
4857,3
4858,4
4859,2
4860,2
4861,
4862,2
4863,1
4864,
4865,4
4866,1
4867,2
4868,2
4869,1
4870,
4871,4
4872,
4873,
4874,4
4875,5
4876,4
4877,3
4878,
4879,4
4880,
4881,2
4882,2
4883,4
4884,2
4885,2
4886,1
4887,
4888,2
4889,4
4890,2
4891,2
4892,
4893,2
4894,2
4895,2
4896,4
4897,2
4898,2
4899,2
4900,
4901,2
4902,2
4903,
4904,
4905,
4906,
4907,2
4908,1
4909,
4910,4
4911,
4912,2
4913,2
4914,4
4915,2
4916,1
4917,2
4918,
4919,2
4920,
4921,2
4922,
4923,
4924,2
4925,2
4926,2
4927,2
4928,2
4929,
4930,
4931,2
4932,2
4933,
4934,1
4935,1
4936,2
4937,2
4938,
4939,2
4940,
4941,2
4942,3
4943,2
4944,2
4945,2
4946,2
4947,2
4948,2
4949,3
4950,
4951,2
4952,4
4953,2
4954,
4955,2
4956,
4957,
4958,
4959,2
4960,
4961,2
4962,
4963,
4964,
4965,1
4966,2
4967,2
4968,
4969,
4970,1
4971,2
4972,
4973,2
4974,1
4975,2
4976,
4977,4
4978,2
4979,
4980,1
4981,
4982,
4983,
4984,4
4985,1
4986,1
4987,2
4988,
4989,2
4990,4
4991,
4992,2
4993,4
4994,4
4995,
4996,
4997,4
4998,2
4999,
5000,
5001,1
5002,1
5003,
5004,
5005,
5006,1
5007,2
5008,4
5009,2
5010,1
5011,5
5012,
5013,
5014,
5015,
5016,
5017,1
5018,
5019,2
5020,
5021,4
5022,2
5023,
5024,5
5025,4
5026,2
5027,1
5028,2
5029,2
5030,
5031,1
5032,5
5033,1
5034,
5035,
5036,2
5037,2
5038,4
5039,
5040,
5041,4
5042,4
5043,1
5044,
5045,
5046,4
5047,
5048,2
5049,
5050,
5051,4
5052,
5053,4
5054,
5055,
5056,4
5057,4
5058,2
5059,2
5060,2
5061,3
5062,
5063,
5064,4
5065,2
5066,
5067,2
5068,2
5069,1
5070,1
5071,
5072,2
5073,2
5074,2
5075,2
5076,2
5077,2
5078,4
5079,4
5080,
5081,4
5082,1
5083,2
5084,2
5085,4
5086,4
5087,2
5088,2
5089,
5090,2
5091,1
5092,
5093,
5094,
5095,4
5096,1
5097,3
5098,4
5099,2
5100,2
5101,1
5102,2
5103,
5104,2
5105,
5106,1
5107,2
5108,
5109,
5110,
5111,2
5112,4
5113,2
5114,4
5115,1
5116,4
5117,
5118,2
5119,4
5120,
5121,
5122,1
5123,2
5124,
5125,4
5126,5
5127,1
5128,
5129,
5130,2
5131,2
5132,
5133,
5134,4
5135,2
5136,2
5137,2
5138,2
5139,
5140,
5141,
5142,2
5143,1
5144,1
5145,2
5146,
5147,1
5148,
5149,2
5150,
5151,2
5152,2
5153,4
5154,2
5155,2
5156,
5157,2
5158,
5159,2
5160,2
5161,4
5162,4
5163,
5164,
5165,1
5166,2
5167,2
5168,2
5169,2
5170,2
5171,
5172,1
5173,2
5174,4
5175,
5176,2
5177,4
5178,4
5179,
5180,2
5181,4
5182,
5183,
5184,2
5185,2
5186,
5187,4
5188,1
5189,
5190,2
5191,
5192,1
5193,
5194,
5195,
5196,2
5197,2
5198,2
5199,4
5200,2
5201,4
5202,3
5203,4
5204,
5205,2
5206,
5207,
5208,2
5209,2
5210,1
5211,2
5212,2
5213,3
5214,2
5215,2
5216,4
5217,5
5218,2
5219,4
5220,4
5221,2
5222,
5223,4
5224,2
5225,4
5226,2
5227,
5228,
5229,2
5230,2
5231,4
5232,2
5233,4
5234,
5235,4
5236,1
5237,
5238,2
5239,3
5240,2
5241,1
5242,2
5243,
5244,
5245,2
5246,2
5247,1
5248,2
5249,2
5250,2
5251,2
5252,
5253,2
5254,
5255,1
5256,2
5257,
5258,
5259,2
5260,4
5261,2
5262,2
5263,2
5264,2
5265,
5266,4
5267,4
5268,2
5269,2
5270,4
5271,2
5272,4
5273,2
5274,1
5275,2
5276,
5277,1
5278,
5279,2
5280,2
5281,2
5282,2
5283,2
5284,3
5285,2
5286,4
5287,2
5288,5
5289,
5290,1
5291,2
5292,
5293,
5294,1
5295,2
5296,2
5297,1
5298,
5299,1
5300,
5301,2
5302,2
5303,
5304,1
5305,
5306,
5307,
5308,1
5309,1
5310,4
5311,
5312,
5313,1
5314,
5315,2
5316,1
5317,
5318,2
5319,
5320,2
5321,2
5322,1
5323,1
5324,2
5325,2
5326,2
5327,2
5328,2
5329,2
5330,2
5331,2
5332,1
5333,
5334,1
5335,
5336,
5337,1
5338,
5339,4
5340,4
5341,
5342,1
5343,5
5344,
5345,2
5346,3
5347,2
5348,
5349,4
5350,2
5351,4
5352,1
5353,4
5354,2
5355,1
5356,4
5357,1
5358,2
5359,2
5360,
5361,
5362,2
5363,1
5364,
5365,4
5366,
5367,
5368,1
5369,1
5370,2
5371,2
5372,2
5373,
5374,2
5375,1
5376,2
5377,
5378,
5379,2
5380,2
5381,4
5382,2
5383,4
5384,2
5385,2
5386,1
5387,4
5388,4
5389,2
5390,
5391,4
5392,
5393,4
5394,5
5395,
5396,1
5397,
5398,1
5399,1
5400,2
5401,
5402,1
5403,4
5404,2
5405,4
5406,2
5407,
5408,4
5409,1
5410,2
5411,
5412,2
5413,
5414,
5415,
5416,2
5417,2
5418,
5419,2
5420,
5421,
5422,1
5423,4
5424,
5425,
5426,2
5427,2
5428,
5429,
5430,2
5431,
5432,4
5433,1
5434,2
5435,
5436,1
5437,3
5438,
5439,2
5440,1
5441,
5442,5
5443,
5444,2
5445,2
5446,2
5447,2
5448,4
5449,
5450,4
5451,
5452,
5453,
5454,1
5455,1
5456,
5457,1
5458,
5459,2
5460,2
5461,1
5462,
5463,
5464,
5465,
5466,1
5467,
5468,2
5469,2
5470,
5471,
5472,4
5473,2
5474,2
5475,2
5476,1
5477,2
5478,
5479,
5480,
5481,2
5482,1
5483,1
5484,2
5485,2
5486,4
5487,2
5488,5
5489,
5490,4
5491,
5492,
5493,4
5494,
5495,5
5496,4
5497,
5498,4
5499,
5500,1
5501,2
5502,
5503,2
5504,2
5505,1
5506,2
5507,
5508,1
5509,1
5510,4
5511,1
5512,
5513,1
5514,
5515,
5516,5
5517,2
5518,1
5519,2
5520,
5521,2
5522,2
5523,
5524,
5525,1
5526,
5527,
5528,5
5529,1
5530,2
5531,2
5532,5
5533,3
5534,3
5535,2
5536,2
5537,2
5538,4
5539,
5540,2
5541,2
5542,4
5543,1
5544,2
5545,2
5546,
5547,2
5548,4
5549,2
5550,2
5551,2
5552,2
5553,2
5554,
5555,2
5556,2
5557,2
5558,2
5559,
5560,4
5561,1
5562,4
5563,2
5564,
5565,4
5566,
5567,4
5568,2
5569,1
5570,2
5571,2
5572,2
5573,4
5574,2
5575,2
5576,2
5577,1
5578,2
5579,2
5580,
5581,2
5582,
5583,2
5584,
5585,2
5586,1
5587,5
5588,2
5589,
5590,5
5591,
5592,4
5593,2
5594,3
5595,4
5596,3
5597,
5598,
5599,
5600,
5601,
5602,
5603,2
5604,4
5605,4
5606,
5607,2
5608,2
5609,
5610,
5611,4
5612,1
5613,1
5614,
5615,
5616,2
5617,
5618,4
5619,1
5620,4
5621,
5622,
5623,
5624,2
5625,2
5626,
5627,4
5628,2
5629,4
5630,2
5631,2
5632,4
5633,
5634,1
5635,2
5636,1
5637,2
5638,
5639,1
5640,4
5641,
5642,2
5643,
5644,5
5645,1
5646,2
5647,1
5648,2
5649,
5650,2
5651,
5652,1
5653,2
5654,2
5655,1
5656,1
5657,2
5658,1
5659,2
5660,
5661,4
5662,1
5663,4
5664,2
5665,
5666,4
5667,2
5668,2
5669,
5670,2
5671,1
5672,2
5673,2
5674,2
5675,
5676,4
5677,2
5678,2
5679,2
5680,1
5681,4
5682,
5683,1
5684,2
5685,1
5686,1
5687,2
5688,
5689,4
5690,
5691,
5692,2
5693,
5694,2
5695,
5696,1
5697,1
5698,1
5699,2
5700,
5701,
5702,
5703,1
5704,4
5705,4
5706,2
5707,
5708,
5709,2
5710,2
5711,2
5712,2
5713,3
5714,1
5715,
5716,2
5717,
5718,
5719,4
5720,2
5721,2
5722,1
5723,4
5724,
5725,2
5726,2
5727,4
5728,4
5729,
5730,1
5731,
5732,2
5733,2
5734,1
5735,
5736,1
5737,2
5738,
5739,
5740,1
5741,
5742,2
5743,2
5744,3
5745,2
5746,
5747,2
5748,
5749,2
5750,2
5751,1
5752,
5753,2
5754,4
5755,2
5756,2
5757,
5758,
5759,2
5760,2
5761,2
5762,2
5763,
5764,2
5765,4
5766,2
5767,1
5768,5
5769,
5770,
5771,
5772,1
5773,4
5774,
5775,4
5776,4
5777,3
5778,1
5779,1
5780,2
5781,1
5782,2
5783,
5784,
5785,2
5786,1
5787,2
5788,2
5789,4
5790,2
5791,2
5792,
5793,
5794,2
5795,
5796,3
5797,2
5798,2
5799,2
5800,
5801,4
5802,
5803,2
5804,2
5805,
5806,2
5807,4
5808,4
5809,3
5810,
5811,4
5812,
5813,2
5814,1
5815,2
5816,
5817,1
5818,2
5819,4
5820,3
5821,
5822,4
5823,1
5824,
5825,2
5826,2
5827,
5828,2
5829,2
5830,
5831,4
5832,4
5833,
5834,2
5835,2
5836,2
5837,2
5838,2
5839,1
5840,1
5841,4
5842,
5843,1
5844,2
5845,2
5846,2
5847,
5848,
5849,3
5850,1
5851,2
5852,2
5853,2
5854,1
5855,3
5856,2
5857,1
5858,
5859,2
5860,
5861,
5862,2
5863,
5864,2
5865,2
5866,1
5867,2
5868,2
5869,
5870,2
5871,2
5872,4
5873,2
5874,3
5875,
5876,2
5877,
5878,2
5879,
5880,2
5881,2
5882,4
5883,
5884,
5885,
5886,2
5887,3
5888,1
5889,4
5890,2
5891,2
5892,
5893,
5894,2
5895,2
5896,2
5897,4
5898,4
5899,
5900,2
5901,2
5902,1
5903,
5904,
5905,
5906,
5907,
5908,2
5909,4
5910,1
5911,
5912,3
5913,
5914,1
5915,
5916,2
5917,1
5918,2
5919,
5920,
5921,
5922,1
5923,2
5924,2
5925,4
5926,1
5927,4
5928,4
5929,2
5930,2
5931,2
5932,2
5933,1
5934,1
5935,2
5936,2
5937,
5938,5
5939,4
5940,4
5941,
5942,4
5943,2
5944,2
5945,2
5946,
5947,4
5948,
5949,2
5950,
5951,
5952,1
5953,2
5954,2
5955,2
5956,1
5957,
5958,
5959,2
5960,
5961,4
5962,1
5963,1
5964,4
5965,2
5966,3
5967,2
5968,2
5969,2
5970,1
5971,4
5972,1
5973,4
5974,2
5975,2
5976,
5977,2
5978,2
5979,4
5980,2
5981,
5982,3
5983,2
5984,
5985,
5986,2
5987,2
5988,2
5989,
5990,
5991,
5992,2
5993,2
5994,2
5995,2
5996,2
5997,
5998,2
5999,
6000,2
6001,4
6002,
6003,
6004,2
6005,
6006,2
6007,
6008,2
6009,1
6010,4
6011,
6012,
6013,1
6014,1
6015,1
6016,2
6017,2
6018,
6019,2
6020,2
6021,2
6022,2
6023,2
6024,2
6025,
6026,2
6027,
6028,4
6029,1
6030,4
6031,
6032,
6033,4
6034,1
6035,2
6036,1
6037,1
6038,4
6039,4
6040,2
6041,1
6042,4
6043,
6044,2
6045,2
6046,
6047,2
6048,
6049,
6050,
6051,3
6052,
6053,
6054,
6055,1
6056,2
6057,4
6058,4
6059,
6060,2
6061,1
6062,3
6063,4
6064,
6065,4
6066,4
6067,2
6068,1
6069,2
6070,2
6071,2
6072,4
6073,2
6074,2
6075,2
6076,2
6077,4
6078,1
6079,
6080,2
6081,4
6082,2
6083,4
6084,1
6085,2
6086,2
6087,2
6088,4
6089,2
6090,2
6091,
6092,4
6093,1
6094,1
6095,2
6096,4
6097,2
6098,2
6099,4
6100,2
6101,2
6102,2
6103,5
6104,4
6105,
6106,2
6107,1
6108,2
6109,1
6110,2
6111,
6112,
6113,
6114,4
6115,2
6116,2
6117,4
6118,2
6119,
6120,
6121,
6122,2
6123,2
6124,2
6125,2
6126,2
6127,
6128,2
6129,4
6130,1
6131,2
6132,1
6133,2
6134,2
6135,2
6136,4
6137,
6138,2
6139,
6140,1
6141,2
6142,4
6143,
6144,
6145,4
6146,2
6147,3
6148,
6149,2
6150,5
6151,2
6152,4
6153,
6154,
6155,2
6156,2
6157,
6158,5
6159,2
6160,2
6161,
6162,3
6163,
6164,2
6165,2
6166,2
6167,2
6168,1
6169,4
6170,2
6171,
6172,
6173,1
6174,2
6175,2
6176,2
6177,2
6178,1
6179,4
6180,2
6181,
6182,2
6183,4
6184,
6185,5
6186,4
6187,
6188,4
6189,2
6190,2
6191,2
6192,2
6193,1
6194,2
6195,1
6196,1
6197,2
6198,
6199,3
6200,4
6201,4
6202,
6203,1
6204,
6205,4
6206,2
6207,4
6208,4
6209,2
6210,1
6211,3
6212,3
6213,
6214,1
6215,4
6216,
6217,1
6218,4
6219,4
6220,2
6221,2
6222,2
6223,2
6224,2
6225,
6226,
6227,2
6228,
6229,2
6230,4
6231,1
6232,1
6233,2
6234,2
6235,2
6236,2
6237,
6238,2
6239,2
6240,2
6241,4
6242,2
6243,1
6244,
6245,2
6246,3
6247,2
6248,
6249,
6250,2
6251,4
6252,2
6253,2
6254,3
6255,1
6256,1
6257,
6258,4
6259,
6260,1
6261,
6262,2
6263,
6264,1
6265,
6266,
6267,2
6268,2
6269,
6270,
6271,
6272,2
6273,2
6274,4
6275,1
6276,
6277,
6278,1
6279,4
6280,4
6281,
6282,
6283,2
6284,4
6285,1
6286,2
6287,2
6288,
6289,
6290,
6291,4
6292,2
6293,
6294,2
6295,
6296,2
6297,2
6298,
6299,2
6300,5
6301,
6302,5
6303,2
6304,
6305,
6306,2
6307,1
6308,2
6309,4
6310,
6311,1
6312,1
6313,2
6314,2
6315,
6316,2
6317,1
6318,2
6319,
6320,3
6321,5
6322,2
6323,3
6324,1
6325,
6326,2
6327,
6328,
6329,4
6330,
6331,4
6332,
6333,
6334,3
6335,2
6336,
6337,4
6338,
6339,
6340,
6341,4
6342,
6343,4
6344,2
6345,2
6346,2
6347,4
6348,
6349,4
6350,4
6351,2
6352,2
6353,
6354,4
6355,2
6356,4
6357,1
6358,1
6359,1
6360,2
6361,2
6362,
6363,2
6364,2
6365,4
6366,2
6367,1
6368,3
6369,
6370,4
6371,2
6372,1
6373,5
6374,
6375,2
6376,
6377,
6378,1
6379,4
6380,2
6381,1
6382,
6383,
6384,2
6385,2
6386,2
6387,1
6388,2
6389,1
6390,
6391,2
6392,4
6393,3
6394,2
6395,1
6396,2
6397,1
6398,2
6399,
6400,2
6401,2
6402,
6403,
6404,4
6405,
6406,
6407,2
6408,1
6409,1
6410,2
6411,
6412,
6413,2
6414,
6415,3
6416,1
6417,
6418,
6419,2
6420,1
6421,2
6422,1
6423,
6424,
6425,1
6426,
6427,2
6428,2
6429,3
6430,2
6431,4
6432,2
6433,1
6434,1
6435,4
6436,4
6437,4
6438,
6439,1
6440,2
6441,2
6442,2
6443,2
6444,
6445,
6446,
6447,4
6448,2
6449,1
6450,3
6451,2
6452,2
6453,1
6454,2
6455,
6456,
6457,2
6458,2
6459,
6460,
6461,2
6462,2
6463,2
6464,2
6465,
6466,1
6467,2
6468,
6469,2
6470,2
6471,
6472,1
6473,
6474,4
6475,
6476,4
6477,
6478,5
6479,4
6480,
6481,2
6482,4
6483,
6484,2
6485,1
6486,5
6487,2
6488,1
6489,
6490,2
6491,1
6492,2
6493,2
6494,
6495,
6496,1
6497,
6498,4
6499,2
6500,2
6501,2
6502,
6503,
6504,
6505,2
6506,2
6507,1
6508,2
6509,2
6510,1
6511,
6512,2
6513,2
6514,
6515,2
6516,5
6517,1
6518,
6519,2
6520,
6521,2
6522,5
6523,2
6524,2
6525,
6526,2
6527,1
6528,4
6529,2
6530,2
6531,1
6532,
6533,4
6534,
6535,2
6536,
6537,2
6538,2
6539,1
6540,4
6541,2
6542,
6543,
6544,
6545,2
6546,
6547,1
6548,1
6549,2
6550,2
6551,4
6552,4
6553,2
6554,2
6555,4
6556,
6557,2
6558,2
6559,
6560,2
6561,
6562,
6563,1
6564,2
6565,
6566,1
6567,2
6568,2
6569,
6570,4
6571,
6572,
6573,4
6574,
6575,
6576,
6577,1
6578,
6579,2
6580,2
6581,
6582,2
6583,1
6584,2
6585,
6586,4
6587,
6588,2
6589,4
6590,2
6591,2
6592,2
6593,2
6594,4
6595,4
6596,4
6597,4
6598,2
6599,
6600,1
6601,4
6602,2
6603,1
6604,2
6605,4
6606,2
6607,
6608,2
6609,2
6610,2
6611,2
6612,2
6613,3
6614,
6615,2
6616,2
6617,
6618,4
6619,1
6620,2
6621,3
6622,
6623,2
6624,5
6625,2
6626,
6627,2
6628,4
6629,2
6630,
6631,
6632,4
6633,
6634,2
6635,
6636,2
6637,2
6638,2
6639,4
6640,3
6641,4
6642,2
6643,2
6644,4
6645,2
6646,1
6647,2
6648,
6649,2
6650,
6651,2
6652,1
6653,1
6654,4
6655,3
6656,2
6657,2
6658,4
6659,2
6660,2
6661,4
6662,1
6663,
6664,1
6665,2
6666,3
6667,4
6668,
6669,2
6670,
6671,1
6672,
6673,2
6674,
6675,
6676,4
6677,2
6678,4
6679,2
6680,2
6681,2
6682,4
6683,1
6684,2
6685,4
6686,2
6687,2
6688,
6689,
6690,
6691,1
6692,
6693,
6694,
6695,
6696,
6697,3
6698,
6699,2
6700,1
6701,2
6702,2
6703,4
6704,1
6705,4
6706,2
6707,1
6708,3
6709,
6710,
6711,
6712,
6713,1
6714,4
6715,2
6716,
6717,
6718,3
6719,4
6720,1
6721,2
6722,
6723,2
6724,2
6725,3
6726,2
6727,4
6728,2
6729,2
6730,
6731,
6732,
6733,2
6734,5
6735,2
6736,2
6737,2
6738,
6739,4
6740,2
6741,2
6742,2
6743,4
6744,2
6745,
6746,3
6747,4
6748,
6749,1
6750,
6751,2
6752,2
6753,2
6754,1
6755,1
6756,
6757,
6758,
6759,2
6760,2
6761,4
6762,2
6763,2
6764,4
6765,
6766,5
6767,2
6768,3
6769,1
6770,
6771,
6772,
6773,2
6774,2
6775,5
6776,2
6777,2
6778,
6779,2
6780,
6781,2
6782,
6783,
6784,
6785,1
6786,
6787,
6788,
6789,4
6790,1
6791,4
6792,2
6793,4
6794,4
6795,2
6796,3
6797,2
6798,
6799,4
6800,2
6801,2
6802,1
6803,
6804,
6805,2
6806,1
6807,
6808,4
6809,
6810,
6811,1
6812,
6813,2
6814,2
6815,2
6816,
6817,4
6818,
6819,
6820,4
6821,1
6822,2
6823,2
6824,
6825,
6826,2
6827,4
6828,2
6829,
6830,2
6831,
6832,3
6833,5
6834,5
6835,4
6836,2
6837,2
6838,
6839,
6840,2
6841,5
6842,
6843,
6844,
6845,2
6846,2
6847,3
6848,4
6849,2
6850,4
6851,1
6852,4
6853,
6854,
6855,
6856,2
6857,
6858,4
6859,1
6860,2
6861,2
6862,4
6863,2
6864,
6865,4
6866,2
6867,
6868,
6869,
6870,
6871,4
6872,1
6873,
6874,1
6875,4
6876,2
6877,5
6878,1
6879,1
6880,2
6881,3
6882,2
6883,2
6884,2
6885,1
6886,4
6887,2
6888,1
6889,2
6890,2
6891,
6892,4
6893,2
6894,1
6895,
6896,4
6897,
6898,
6899,2
6900,2
6901,
6902,
6903,
6904,4
6905,2
6906,3
6907,3
6908,2
6909,1
6910,4
6911,1
6912,2
6913,
6914,2
6915,2
6916,4
6917,4
6918,
6919,4
6920,
6921,2
6922,2
6923,
6924,2
6925,
6926,3
6927,2
6928,2
6929,2
6930,
6931,2
6932,1
6933,2
6934,
6935,4
6936,2
6937,2
6938,4
6939,
6940,
6941,1
6942,5
6943,1
6944,
6945,2
6946,1
6947,2
6948,
6949,4
6950,2
6951,
6952,1
6953,
6954,2
6955,4
6956,2
6957,2
6958,4
6959,
6960,2
6961,2
6962,2
6963,2
6964,4
6965,2
6966,
6967,2
6968,
6969,2
6970,2
6971,2
6972,1
6973,1
6974,
6975,1
6976,
6977,4
6978,2
6979,
6980,4
6981,1
6982,2
6983,
6984,1
6985,2
6986,
6987,2
6988,1
6989,4
6990,2
6991,3
6992,
6993,4
6994,4
6995,3
6996,4
6997,2
6998,
6999,
7000,4
7001,1
7002,2
7003,2
7004,
7005,2
7006,
7007,2
7008,2
7009,2
7010,2
7011,
7012,
7013,4
7014,
7015,
7016,2
7017,
7018,
7019,2
7020,4
7021,2
7022,2
7023,4
7024,2
7025,
7026,2
7027,3
7028,1
7029,
7030,4
7031,
7032,3
7033,1
7034,2
7035,
7036,2
7037,1
7038,2
7039,2
7040,
7041,1
7042,4
7043,2
7044,
7045,2
7046,
7047,2
7048,2
7049,
7050,2
7051,2
7052,2
7053,2
7054,5
7055,4
7056,1
7057,
7058,1
7059,2
7060,2
7061,1
7062,
7063,
7064,
7065,4
7066,
7067,
7068,1
7069,3
7070,
7071,4
7072,2
7073,1
7074,4
7075,2
7076,
7077,2
7078,2
7079,2
7080,2
7081,1
7082,
7083,2
7084,2
7085,
7086,3
7087,
7088,1
7089,
7090,2
7091,4
7092,
7093,2
7094,2
7095,4
7096,2
7097,2
7098,
7099,
7100,2
7101,1
7102,2
7103,
7104,2
7105,2
7106,
7107,
7108,
7109,4
7110,
7111,4
7112,1
7113,
7114,3
7115,3
7116,1
7117,2
7118,
7119,1
7120,4
7121,4
7122,
7123,1
7124,2
7125,4
7126,
7127,2
7128,
7129,4
7130,
7131,2
7132,2
7133,
7134,5
7135,
7136,2
7137,2
7138,1
7139,2
7140,
7141,4
7142,2
7143,2
7144,2
7145,
7146,2
7147,4
7148,3
7149,2
7150,2
7151,3
7152,2
7153,2
7154,4
7155,2
7156,
7157,2
7158,
7159,1
7160,
7161,
7162,1
7163,2
7164,
7165,1
7166,
7167,2
7168,2
7169,
7170,4
7171,4
7172,2
7173,2
7174,2
7175,4
7176,
7177,4
7178,4
7179,2
7180,4
7181,
7182,
7183,1
7184,1
7185,2
7186,1
7187,
7188,
7189,1
7190,2
7191,2
7192,4
7193,2
7194,2
7195,
7196,
7197,
7198,2
7199,1
7200,2
7201,4
7202,2
7203,3
7204,1
7205,1
7206,1
7207,5
7208,1
7209,
7210,2
7211,1
7212,1
7213,2
7214,
7215,4
7216,4
7217,3
7218,4
7219,1
7220,
7221,2
7222,2
7223,4
7224,2
7225,3
7226,2
7227,2
7228,4
7229,1
7230,1
7231,4
7232,4
7233,1
7234,2
7235,
7236,2
7237,4
7238,4
7239,2
7240,2
7241,
7242,2
7243,2
7244,4
7245,1
7246,4
7247,
7248,
7249,2
7250,2
7251,
7252,2
7253,
7254,
7255,1
7256,
7257,2
7258,4
7259,4
7260,
7261,
7262,5
7263,
7264,2
7265,2
7266,1
7267,2
7268,
7269,2
7270,
7271,
7272,4
7273,2
7274,1
7275,
7276,2
7277,
7278,
7279,2
7280,2
7281,1
7282,
7283,1
7284,1
7285,
7286,1
7287,1
7288,
7289,
7290,2
7291,
7292,
7293,2
7294,4
7295,2
7296,
7297,2
7298,
7299,
7300,2
7301,2
7302,
7303,
7304,4
7305,5
7306,
7307,2
7308,2
7309,
7310,2
7311,2
7312,
7313,2
7314,4
7315,
7316,
7317,
7318,2
7319,
7320,
7321,3
7322,3
7323,4
7324,
7325,2
7326,1
7327,1
7328,
7329,2
7330,2
7331,
7332,2
7333,2
7334,4
7335,2
7336,
7337,1
7338,4
7339,
7340,4
7341,2
7342,
7343,4
7344,2
7345,1
7346,1
7347,1
7348,1
7349,4
7350,4
7351,
7352,4
7353,
7354,2
7355,1
7356,2
7357,2
7358,2
7359,1
7360,2
7361,1
7362,2
7363,2
7364,1
7365,1
7366,2
7367,5
7368,
7369,4
7370,
7371,1
7372,2
7373,
7374,
7375,
7376,4
7377,2
7378,2
7379,2
7380,3
7381,2
7382,2
7383,3
7384,
7385,
7386,
7387,
7388,4
7389,
7390,1
7391,5
7392,2
7393,
7394,
7395,2
7396,2
7397,
7398,1
7399,
7400,1
7401,
7402,2
7403,1
7404,2
7405,2
7406,4
7407,1
7408,1
7409,4
7410,2
7411,
7412,2
7413,2
7414,1
7415,2
7416,2
7417,
7418,1
7419,4
7420,1
7421,2
7422,2
7423,1
7424,1
7425,2
7426,
7427,1
7428,2
7429,
7430,
7431,3
7432,2
7433,
7434,
7435,4
7436,2
7437,4
7438,2
7439,
7440,2
7441,4
7442,2
7443,2
7444,1
7445,2
7446,
7447,2
7448,
7449,
7450,4
7451,2
7452,4
7453,
7454,3
7455,
7456,4
7457,4
7458,4
7459,2
7460,3
7461,4
7462,2
7463,
7464,4
7465,
7466,2
7467,
7468,
7469,2
7470,
7471,1
7472,2
7473,
7474,1
7475,2
7476,
7477,2
7478,2
7479,2
7480,2
7481,1
7482,
7483,
7484,
7485,2
7486,2
7487,4
7488,
7489,2
7490,2
7491,
7492,2
7493,5
7494,2
7495,
7496,
7497,2
7498,2
7499,2
7500,
7501,1
7502,
7503,2
7504,4
7505,
7506,4
7507,2
7508,
7509,2
7510,3
7511,4
7512,4
7513,2
7514,
7515,5
7516,2
7517,1
7518,2
7519,
7520,2
7521,2
7522,1
7523,2
7524,2
7525,3
7526,2
7527,1
7528,
7529,
7530,
7531,4
7532,2
7533,4
7534,2
7535,2
7536,5
7537,2
7538,4
7539,2
7540,4
7541,2
7542,
7543,
7544,
7545,4
7546,4
7547,1
7548,4
7549,4
7550,2
7551,3
7552,2
7553,3
7554,2
7555,
7556,2
7557,
7558,
7559,4
7560,1
7561,2
7562,4
7563,
7564,2
7565,
7566,2
7567,2
7568,4
7569,
7570,4
7571,4
7572,4
7573,2
7574,
7575,2
7576,2
7577,2
7578,2
7579,4
7580,4
7581,
7582,2
7583,2
7584,2
7585,2
7586,
7587,2
7588,4
7589,
7590,
7591,2
7592,2
7593,
7594,
7595,
7596,2
7597,2
7598,4
7599,
7600,4
7601,2
7602,2
7603,2
7604,
7605,2
7606,
7607,1
7608,2
7609,
7610,
7611,2
7612,2
7613,2
7614,
7615,2
7616,3
7617,2
7618,2
7619,
7620,2
7621,4
7622,1
7623,2
7624,4
7625,4
7626,1
7627,4
7628,2
7629,2
7630,
7631,4
7632,1
7633,1
7634,
7635,2
7636,2
7637,5
7638,
7639,2
7640,1
7641,1
7642,
7643,2
7644,2
7645,
7646,2
7647,4
7648,
7649,2
7650,4
7651,2
7652,1
7653,2
7654,
7655,2
7656,1
7657,2
7658,
7659,
7660,4
7661,2
7662,
7663,
7664,4
7665,2
7666,3
7667,2
7668,3
7669,2
7670,2
7671,2
7672,
7673,
7674,2
7675,4
7676,3
7677,2
7678,2
7679,2
7680,2
7681,1
7682,
7683,
7684,
7685,
7686,4
7687,
7688,
7689,
7690,
7691,4
7692,1
7693,2
7694,2
7695,2
7696,1
7697,2
7698,
7699,
7700,2
7701,
7702,4
7703,4
7704,5
7705,2
7706,4
7707,4
7708,1
7709,4
7710,4
7711,4
7712,2
7713,
7714,4
7715,
7716,2
7717,
7718,3
7719,4
7720,2
7721,2
7722,4
7723,4
7724,
7725,4
7726,
7727,
7728,2
7729,
7730,
7731,2
7732,2
7733,2
7734,2
7735,4
7736,2
7737,2
7738,2
7739,2
7740,
7741,2
7742,2
7743,
7744,
7745,
7746,4
7747,4
7748,
7749,
7750,
7751,
7752,4
7753,2
7754,5
7755,2
7756,2
7757,2
7758,2
7759,4
7760,
7761,4
7762,2
7763,
7764,2
7765,4
7766,2
7767,4
7768,2
7769,2
7770,
7771,1
7772,
7773,2
7774,2
7775,2
7776,
7777,4
7778,2
7779,
7780,2
7781,2
7782,2
7783,4
7784,
7785,2
7786,1
7787,1
7788,2
7789,1
7790,
7791,5
7792,4
7793,2
7794,
7795,
7796,2
7797,
7798,4
7799,2
7800,
7801,2
7802,1
7803,1
7804,
7805,
7806,2
7807,5
7808,2
7809,
7810,
7811,4
7812,2
7813,4
7814,2
7815,
7816,2
7817,2
7818,3
7819,
7820,2
7821,1
7822,2
7823,4
7824,2
7825,2
7826,2
7827,2
7828,4
7829,
7830,1
7831,2
7832,1
7833,
7834,2
7835,
7836,
7837,
7838,1
7839,2
7840,2
7841,1
7842,2
7843,4
7844,
7845,4
7846,
7847,
7848,1
7849,
7850,
7851,2
7852,
7853,2
7854,2
7855,4
7856,2
7857,1
7858,
7859,4
7860,
7861,2
7862,1
7863,2
7864,
7865,2
7866,
7867,4
7868,2
7869,1
7870,2
7871,1
7872,1
7873,4
7874,2
7875,1
7876,
7877,
7878,
7879,2
7880,2
7881,5
7882,
7883,1
7884,
7885,
7886,
7887,4
7888,
7889,4
7890,4
7891,3
7892,1
7893,
7894,1
7895,
7896,
7897,
7898,4
7899,
7900,
7901,
7902,2
7903,
7904,
7905,
7906,4
7907,2
7908,
7909,
7910,3
7911,5
7912,4
7913,2
7914,
7915,2
7916,4
7917,2
7918,4
7919,
7920,4
7921,2
7922,2
7923,
7924,2
7925,
7926,
7927,2
7928,2
7929,4
7930,4
7931,2
7932,2
7933,4
7934,2
7935,
7936,1
7937,2
7938,2
7939,1
7940,2
7941,
7942,4
7943,2
7944,3
7945,5
7946,
7947,2
7948,
7949,2
7950,
7951,
7952,2
7953,1
7954,2
7955,
7956,
7957,2
7958,
7959,2
7960,
7961,
7962,
7963,5
7964,4
7965,1
7966,
7967,2
7968,2
7969,2
7970,
7971,2
7972,
7973,2
7974,2
7975,2
7976,
7977,
7978,2
7979,
7980,4
7981,4
7982,1
7983,
7984,2
7985,4
7986,2
7987,1
7988,2
7989,2
7990,
7991,4
7992,
7993,
7994,
7995,2
7996,1
7997,3
7998,
7999,2
8000,2
8001,4
8002,2
8003,1
8004,
8005,
8006,4
8007,1
8008,4
8009,
8010,2
8011,2
8012,2
8013,2
8014,
8015,2
8016,1
8017,
8018,1
8019,
8020,
8021,4
8022,4
8023,
8024,2
8025,
8026,
8027,2
8028,1
8029,
8030,1
8031,2
8032,
8033,
8034,2
8035,
8036,4
8037,2
8038,2
8039,
8040,2
8041,2
8042,2
8043,2
8044,
8045,2
8046,2
8047,2
8048,4
8049,
8050,
8051,
8052,
8053,1
8054,
8055,
8056,4
8057,
8058,1
8059,4
8060,
8061,4
8062,
8063,2
8064,1
8065,2
8066,5
8067,4
8068,1
8069,2
8070,
8071,4
8072,3
8073,1
8074,2
8075,
8076,
8077,
8078,1
8079,2
8080,
8081,4
8082,
8083,3
8084,4
8085,
8086,4
8087,4
8088,2
8089,2
8090,
8091,
8092,1
8093,
8094,
8095,2
8096,2
8097,2
8098,
8099,4
8100,
8101,
8102,2
8103,
8104,3
8105,
8106,
8107,2
8108,2
8109,2
8110,
8111,4
8112,3
8113,1
8114,2
8115,
8116,2
8117,1
8118,2
8119,4
8120,2
8121,
8122,2
8123,4
8124,
8125,2
8126,
8127,
8128,4
8129,2
8130,1
8131,
8132,1
8133,
8134,
8135,
8136,2
8137,2
8138,2
8139,
8140,4
8141,2
8142,2
8143,2
8144,1
8145,
8146,
8147,
8148,2
8149,4
8150,2
8151,3
8152,
8153,5
8154,4
8155,2
8156,
8157,4
8158,
8159,2
8160,2
8161,2
8162,2
8163,2
8164,
8165,2
8166,4
8167,1
8168,1
8169,4
8170,4
8171,4
8172,
8173,
8174,
8175,2
8176,2
8177,
8178,4
8179,2
8180,4
8181,
8182,2
8183,2
8184,2
8185,1
8186,
8187,
8188,1
8189,
8190,2
8191,2
8192,2
8193,2
8194,
8195,2
8196,
8197,5
8198,2
8199,2
8200,4
8201,4
8202,
8203,2
8204,2
8205,4
8206,1
8207,
8208,
8209,2
8210,4
8211,2
8212,2
8213,4
8214,2
8215,2
8216,2
8217,2
8218,4
8219,2
8220,2
8221,2
8222,2
8223,4
8224,2
8225,2
8226,2
8227,2
8228,4
8229,4
8230,
8231,2
8232,2
8233,1
8234,3
8235,
8236,2
8237,2
8238,4
8239,1
8240,3
8241,1
8242,4
8243,2
8244,4
8245,4
8246,2
8247,1
8248,4
8249,2
8250,2
8251,3
8252,4
8253,
8254,
8255,1
8256,2
8257,2
8258,4
8259,2
8260,4
8261,2
8262,2
8263,4
8264,4
8265,4
8266,2
8267,4
8268,
8269,2
8270,5
8271,1
8272,2
8273,2
8274,
8275,
8276,2
8277,
8278,
8279,
8280,
8281,
8282,
8283,2
8284,1
8285,2
8286,4
8287,1
8288,
8289,1
8290,4
8291,2
8292,
8293,
8294,1
8295,4
8296,
8297,4
8298,2
8299,
8300,2
8301,5
8302,2
8303,2
8304,
8305,2
8306,4
8307,4
8308,
8309,4
8310,2
8311,2
8312,
8313,
8314,2
8315,2
8316,2
8317,
8318,4
8319,4
8320,
8321,
8322,4
8323,3
8324,4
8325,4
8326,
8327,2
8328,
8329,
8330,
8331,2
8332,1
8333,4
8334,
8335,
8336,
8337,
8338,2
8339,4
8340,2
8341,2
8342,
8343,2
8344,4
8345,2
8346,
8347,4
8348,4
8349,4
8350,
8351,4
8352,
8353,
8354,2
8355,2
8356,2
8357,
8358,2
8359,
8360,4
8361,2
8362,
8363,1
8364,2
8365,2
8366,2
8367,4
8368,2
8369,
8370,1
8371,4
8372,2
8373,2
8374,4
8375,1
8376,2
8377,4
8378,2
8379,
8380,2
8381,4
8382,4
8383,1
8384,4
8385,4
8386,2
8387,4
8388,
8389,
8390,4
8391,
8392,2
8393,
8394,2
8395,2
8396,2
8397,1
8398,1
8399,2
8400,
8401,2
8402,
8403,
8404,2
8405,2
8406,
8407,2
8408,
8409,
8410,
8411,2
8412,
8413,
8414,2
8415,2
8416,2
8417,4
8418,4
8419,2
8420,
8421,3
8422,2
8423,
8424,2
8425,
8426,2
8427,
8428,3
8429,2
8430,1
8431,2
8432,3
8433,4
8434,4
8435,1
8436,2
8437,2
8438,
8439,
8440,
8441,4
8442,2
8443,
8444,
8445,
8446,2
8447,
8448,
8449,4
8450,
8451,2
8452,
8453,2
8454,2
8455,
8456,
8457,2
8458,2
8459,1
8460,2
8461,
8462,2
8463,
8464,1
8465,
8466,2
8467,1
8468,
8469,2
8470,3
8471,2
8472,
8473,2
8474,3
8475,
8476,2
8477,2
8478,1
8479,4
8480,
8481,2
8482,2
8483,2
8484,
8485,2
8486,3
8487,4
8488,2
8489,2
8490,1
8491,
8492,2
8493,2
8494,1
8495,5
8496,2
8497,2
8498,1
8499,4
8500,2
8501,5
8502,2
8503,2
8504,2
8505,4
8506,2
8507,4
8508,2
8509,
8510,1
8511,2
8512,
8513,2
8514,1
8515,2
8516,2
8517,
8518,
8519,2
8520,2
8521,1
8522,
8523,5
8524,1
8525,4
8526,
8527,2
8528,1
8529,1
8530,1
8531,
8532,4
8533,2
8534,4
8535,
8536,2
8537,
8538,1
8539,2
8540,2
8541,
8542,4
8543,
8544,
8545,
8546,2
8547,
8548,
8549,1
8550,2
8551,
8552,
8553,
8554,
8555,4
8556,2
8557,
8558,
8559,2
8560,4
8561,3
8562,1
8563,2
8564,1
8565,
8566,2
8567,2
8568,2
8569,2
8570,4
8571,1
8572,4
8573,2
8574,4
8575,
8576,
8577,2
8578,2
8579,3
8580,
8581,4
8582,1
8583,
8584,1
8585,2
8586,2
8587,1
8588,
8589,2
8590,2
8591,1
8592,2
8593,
8594,
8595,
8596,
8597,2
8598,
8599,3
8600,2
8601,2
8602,2
8603,
8604,1
8605,
8606,
8607,2
8608,
8609,
8610,2
8611,2
8612,2
8613,
8614,
8615,
8616,
8617,2
8618,2
8619,2
8620,
8621,1
8622,2
8623,1
8624,3
8625,1
8626,1
8627,2
8628,
8629,2
8630,
8631,2
8632,
8633,1
8634,1
8635,2
8636,2
8637,5
8638,
8639,4
8640,2
8641,
8642,2
8643,2
8644,2
8645,4
8646,
8647,1
8648,
8649,1
8650,2
8651,1
8652,4
8653,4
8654,
8655,
8656,1
8657,2
8658,2
8659,1
8660,2
8661,2
8662,4
8663,2
8664,
8665,1
8666,
8667,1
8668,2
8669,1
8670,2
8671,
8672,1
8673,4
8674,2
8675,1
8676,
8677,4
8678,
8679,2
8680,1
8681,2
8682,2
8683,3
8684,4
8685,2
8686,2
8687,4
8688,2
8689,4
8690,2
8691,2
8692,
8693,1
8694,
8695,
8696,2
8697,
8698,1
8699,2
8700,
8701,
8702,4
8703,5
8704,2
8705,2
8706,2
8707,2
8708,2
8709,1
8710,2
8711,2
8712,2
8713,2
8714,2
8715,2
8716,4
8717,
8718,4
8719,5
8720,4
8721,1
8722,
8723,2
8724,
8725,
8726,
8727,4
8728,2
8729,3
8730,1
8731,4
8732,4
8733,2
8734,
8735,
8736,1
8737,2
8738,4
8739,
8740,2
8741,2
8742,
8743,
8744,
8745,2
8746,3
8747,1
8748,1
8749,2
8750,2
8751,1
8752,2
8753,1
8754,
8755,2
8756,
8757,2
8758,2
8759,
8760,2
8761,2
8762,
8763,4
8764,1
8765,1
8766,2
8767,
8768,2
8769,2
8770,2
8771,
8772,
8773,
8774,
8775,1
8776,4
8777,
8778,2
8779,
8780,2
8781,
8782,1
8783,2
8784,2
8785,1
8786,2
8787,2
8788,2
8789,4
8790,
8791,2
8792,1
8793,
8794,
8795,2
8796,2
8797,2
8798,2
8799,
8800,2
8801,2
8802,2
8803,
8804,2
8805,
8806,1
8807,
8808,2
8809,
8810,
8811,2
8812,
8813,4
8814,2
8815,
8816,2
8817,2
8818,3
8819,2
8820,
8821,4
8822,
8823,3
8824,2
8825,1
8826,
8827,3
8828,2
8829,2
8830,
8831,2
8832,
8833,2
8834,4
8835,2
8836,2
8837,1
8838,2
8839,
8840,
8841,4
8842,1
8843,
8844,4
8845,4
8846,1
8847,2
8848,2
8849,2
8850,5
8851,1
8852,2
8853,4
8854,2
8855,4
8856,1
8857,
8858,2
8859,2
8860,2
8861,
8862,2
8863,2
8864,
8865,1
8866,
8867,1
8868,2
8869,1
8870,1
8871,2
8872,1
8873,4
8874,2
8875,2
8876,5
8877,2
8878,
8879,2
8880,2
8881,1
8882,
8883,
8884,2
8885,
8886,2
8887,2
8888,1
8889,1
8890,2
8891,2
8892,
8893,4
8894,3
8895,2
8896,2
8897,1
8898,2
8899,4
8900,4
8901,
8902,2
8903,4
8904,
8905,2
8906,2
8907,
8908,2
8909,2
8910,1
8911,2
8912,4
8913,2
8914,2
8915,2
8916,2
8917,2
8918,
8919,2
8920,
8921,2
8922,4
8923,
8924,2
8925,2
8926,4
8927,2
8928,4
8929,1
8930,2
8931,4
8932,2
8933,
8934,1
8935,1
8936,
8937,4
8938,1
8939,2
8940,2
8941,4
8942,1
8943,
8944,
8945,4
8946,4
8947,4
8948,2
8949,2
8950,
8951,4
8952,1
8953,4
8954,2
8955,1
8956,5
8957,2
8958,2
8959,
8960,
8961,
8962,4
8963,1
8964,2
8965,
8966,2
8967,2
8968,2
8969,
8970,4
8971,2
8972,4
8973,2
8974,
8975,2
8976,
8977,4
8978,2
8979,2
8980,2
8981,4
8982,2
8983,
8984,1
8985,1
8986,4
8987,
8988,
8989,1
8990,1
8991,2
8992,
8993,2
8994,
8995,2
8996,1
8997,4
8998,
8999,2
9000,
9001,
9002,3
9003,
9004,
9005,
9006,4
9007,5
9008,2
9009,4
9010,4
9011,2
9012,
9013,2
9014,2
9015,2
9016,1
9017,2
9018,4
9019,
9020,
9021,
9022,
9023,1
9024,
9025,2
9026,5
9027,2
9028,5
9029,2
9030,4
9031,
9032,4
9033,2
9034,2
9035,
9036,5
9037,2
9038,4
9039,2
9040,4
9041,
9042,2
9043,4
9044,1
9045,4
9046,1
9047,2
9048,2
9049,1
9050,4
9051,3
9052,4
9053,1
9054,4
